t,booster_speed_kmh,booster_alt_km,ship_speed_kmh,ship_alt_km
0,0,0,0,0
1,0,0,0,0
2,0,0,0,0
3,4,0,4,0
4,13,0,13,0
5,29,0,29,0
6,45,0,45,0
7,64,0,64,0
8,80,0,80,0
9,99,0,99,0
10,117,0,117,0
11,136,0,136,0
12,156,0,156,0
13,174,0,174,0
14,193,0,193,0
15,212,0,212,0
16,231,0,231,0
17,250,0,250,0
18,269,0,269,0
19,288,0,288,0
20,306,0,306,0
21,325,0,325,0
22,344,0,344,0
23,363,1,363,1
24,383,1,383,1
25,402,1,402,1
26,422,1,422,1
27,442,1,442,1
28,463,1,463,1
29,483,1,483,1
30,504,1,504,1
31,524,2,524,2
32,545,2,545,2
33,567,2,567,2
34,588,2,588,2
35,610,2,610,2
36,632,2,632,2
37,654,3,654,3
38,677,3,677,3
39,700,3,700,3
40,722,3,722,3
41,744,3,744,3
42,765,4,765,4
43,786,4,786,4
44,807,4,807,4
45,826,4,826,4
46,846,4,846,4
47,865,5,865,5
48,884,5,884,5
49,903,5,903,5
50,922,5,922,5
51,940,6,940,6
52,959,6,959,6
53,977,6,977,6
54,993,6,993,6
55,1010,7,1010,7
56,1025,7,1025,7
57,1041,7,1041,7
58,1057,8,1057,8
59,1073,8,1073,8
60,1091,8,1091,8
61,1109,8,1109,8
62,1128,9,1128,9
63,1147,9,1147,9
64,1167,9,1167,9
65,1188,10,1188,10
66,1209,10,1209,10
67,1231,10,1231,10
68,1252,11,1252,11
69,1274,11,1274,11
70,1297,11,1297,11
71,1321,12,1321,12
72,1345,12,1345,12
73,1370,12,1370,12
74,1396,13,1396,13
75,1421,13,1421,13
76,1448,13,1448,13
77,1475,14,1475,14
78,1502,14,1502,14
79,1530,15,1530,15
80,1558,15,1558,15
81,1587,15,1587,15
82,1618,16,1618,16
83,1649,16,1649,16
84,1682,17,1682,17
85,1714,17,1714,17
86,1747,18,1747,18
87,1780,18,1780,18
88,1814,18,1814,18
89,1850,19,1850,19
90,1885,19,1885,19
91,1923,20,1923,20
92,1960,20,1960,20
93,1999,21,1999,21
94,2038,21,2038,21
95,2077,22,2077,22
96,2116,22,2116,22
97,2158,23,2158,23
98,2201,23,2201,23
99,2244,24,2244,24
100,2287,24,2287,24
101,2331,25,2331,25
102,2376,25,2376,25
103,2421,26,2421,26
104,2467,27,2467,27
105,2513,27,2513,27
106,2561,28,2561,28
107,2608,28,2608,28
108,2656,29,2656,29
109,2705,30,2705,30
110,2754,30,2754,30
111,2804,31,2804,31
112,2855,31,2855,31
113,2906,32,2906,32
114,2958,33,2958,33
115,3008,33,3008,33
116,3057,34,3057,34
117,3111,35,3111,35
118,3161,35,3161,35
119,3214,36,3214,36
120,3266,36,3266,36
121,3318,37,3318,37
122,3368,38,3368,38
123,3422,38,3422,38
124,3476,39,3476,39
125,3529,40,3529,40
126,3582,41,3582,41
127,3637,41,3637,41
128,3689,42,3689,42
129,3743,43,3743,43
130,3795,43,3795,43
131,3849,44,3849,44
132,3905,45,3905,45
133,3960,46,3960,46
134,4015,46,4015,46
135,4070,47,4070,47
136,4125,48,4125,48
137,4181,49,4181,49
138,4236,49,4236,49
139,4292,50,4292,50
140,4347,51,4347,51
141,4403,52,4403,52
142,4458,52,4458,52
143,4514,53,4514,53
144,4570,54,4570,54
145,4626,55,4626,55
146,4682,55,4682,55
147,4739,56,4739,56
148,4795,57,4795,57
149,4852,58,4852,58
150,4909,59,4909,59
151,4968,59,4968,59
152,5026,60,5026,60
153,5085,61,5085,61
154,5144,62,5144,62
155,5200,63,5200,63
156,5254,63,5254,63
157,5274,64,5274,64
158,5267,65,5267,65
159,5254,66,5254,66
160,5241,66,5241,66
161,5228,67,5227,67
162,5206,68,5225.5,68
163,5189,68,5224,69
164,5185,69,5231,70
165,5179,70,5245,70
166,5170,71,5260,71
167,5167,71,5276,72
168,5174,72,5291,72
169,5167,73,5306,73
170,5139,74,5322,74
171,5089,74,5339,74
172,5019,75,5356,75
173,4921,76,5374,76
174,4794,76,5392,76
175,4651,77,5410,77
176,4502,78,5428,78
177,4349,78,5446,79
178,4194,79,5464,79
179,4041,80,5483,80
180,3885,80,5502,81
181,3732,81,5521,81
182,3580,81,5540,82
183,3430,82,5560,83
184,3277,83,5580,83
185,3126,83,5601,84
186,2975,84,5621,84
187,2825,84,5642,85
188,2681,85,5662,86
189,2533,85,5683,86
190,2382,86,5705,87
191,2237,86,5727,88
192,2094,87,5749,88
193,1956,87,5771,89
194,1823,87,5794,89
195,1699,88,5816,90
196,1589,88,5839,91
197,1489,89,5863,91
198,1404,89,5886,92
199,1332,89,5909,92
200,1276,90,5933,93
201,1235,90,5957,94
202,1211,90,5981,94
203,1203,91,6006,95
204,1210,91,6031,95
205,1227,91,6054,96
206,1261,92,6081,96
207,1307,92,6106,97
208,1365,92,6131,98
209,1435,92,6157,98
210,1515,93,6184,99
211,1604,93,6209,99
212,1698,93,6236,100
213,1739,93,6263,100
214,1753,94,6289,101
215,1767,94,6316,101
216,1781,94,6344,102
217,1797,94,6371,102
218,1813,94,6399,103
219,1831,95,6427,103
220,1850,95,6455,104
221,1869,95,6483,104
222,1890,95,6511,105
223,1900,95,6541,105
224,1894,95,6570,106
225,1887,95,6600,106
226,1881,95,6629,107
227,1875,96,6658,107
228,1870,96,6689,108
229,1866,96,6719,108
230,1862,96,6750,109
231,1859,96,6780,109
232,1856,96,6811,110
233,1855,96,6842,110
234,1853,96,6873,111
235,1853,96,6905,111
236,1852,96,6937,112
237,1853,96,6969,112
238,1854,96,7002,113
239,1855,96,7034,113
240,1857,96,7067,113
241,1860,96,7100,114
242,1864,96,7133,114
243,1868,96,7167,115
244,1873,96,7200,115
245,1878,95,7234,116
246,1884,95,7268,116
247,1890,95,7303,116
248,1897,95,7336,117
249,1905,95,7371,117
250,1913,95,7406,118
251,1922,95,7441,118
252,1932,95,7477,118
253,1942,94,7512,119
254,1952,94,7548,119
255,1963,94,7583,120
256,1974,94,7619,120
257,1987,94,7656,120
258,1999,94,7692,121
259,2013,93,7729,121
260,2027,93,7767,121
261,2041,93,7804,122
262,2057,93,7841,122
263,2072,92,7879,122
264,2088,92,7918,123
265,2103,92,7955,123
266,2120,92,7994,124
267,2137,91,8033,124
268,2154,91,8072,124
269,2172,91,8111,125
270,2191,90,8151,125
271,2209,90,8191,125
272,2228,90,8231,126
273,2247,89,8272,126
274,2266,89,8312,126
275,2286,89,8353,127
276,2306,88,8394,127
277,2326,88,8434,127
278,2347,87,8477,127
279,2368,87,8518,128
280,2389,87,8561,128
281,2411,86,8603,128
282,2433,86,8646,129
283,2455,85,8689,129
284,2477,85,8731,129
285,2500,84,8775,129
286,2523,84,8818,130
287,2547,83,8862,130
288,2570,83,8905,130
289,2593,82,8948,131
290,2617,82,8993,131
291,2642,81,9038,131
292,2666,81,9083,131
293,2691,80,9129,132
294,2715,80,9174,132
295,2741,79,9220,132
296,2766,79,9266,132
297,2791,78,9313,133
298,2817,77,9359,133
299,2843,77,9407,133
300,2869,76,9454,133
301,2895,76,9500,134
302,2921,75,9549,134
303,2947,74,9597,134
304,2974,74,9645,134
305,3001,73,9694,135
306,3028,72,9743,135
307,3056,72,9791,135
308,3083,71,9840,135
309,3110,70,9890,135
310,3137,70,9940,136
311,3164,69,9992,136
312,3192,68,10040,136
313,3220,68,10093,136
314,3248,67,10142,136
315,3276,66,10193,137
316,3305,65,10245,137
317,3333,65,10297,137
318,3361,64,10349,137
319,3390,63,10401,137
320,3419,62,10454,137
321,3447,61,10505,138
322,3476,61,10558,138
323,3505,60,10611,138
324,3534,59,10665,138
325,3563,58,10719,138
326,3593,57,10773,139
327,3622,57,10828,139
328,3652,56,10882,139
329,3681,55,10938,139
330,3711,54,10993,139
331,3740,53,11049,139
332,3770,52,11105,139
333,3799,51,11161,140
334,3829,50,11218,140
335,3859,49,11276,140
336,3888,48,11333,140
337,3919,47,11392,140
338,3949,46,11450,140
339,3979,45,11509,140
340,4008,44,11568,141
341,4038,43,11627,141
342,4067,42,11688,141
343,4095,41,11747,141
344,4124,40,11807,141
345,4152,39,11868,141
346,4181,38,11929,141
347,4208,37,11990,141
348,4236,36,12051,141
349,4262,35,12113,142
350,4286,34,12174,142
351,4309,33,12238,142
352,4331,32,12303,142
353,4350,31,12366,142
354,4367,30,12430,142
355,4380,29,12493,142
356,4389,28,12556,142
357,4394,26,12623,142
358,4394,25,12688,142
359,4387,24,12754,142
360,4371,23,12821,143
361,4347,22,12888,143
362,4312,21,12955,143
363,4264,20,13023,143
364,4201,19,13091,143
365,4121,18,13160,143
366,4020,17,13228,143
367,3901,16,13297,143
368,3766,15,13366,143
369,3620,14,13438,143
370,3468,13,13505,143
371,3298,12,13580,143
372,3131,11,13652,143
373,2966,10,13723,143
374,2805,10,13796,143
375,2653,9,13867,143
376,2507,8,13944,144
377,2370,8,14014,144
378,2243,7,14087,144
379,2126,6,14162,144
380,2016,6,14237,144
381,1917,5,14312,144
382,1825,5,14390,144
383,1742,4,14465,144
384,1661,4,14543,144
385,1585,4,14622,144
386,1515,3,14700,144
387,1452,3,14778,144
388,1398,2,14854,144
389,1349,2,14934,144
390,1306,2,15015,144
391,1270,1,15093,144
392,1222,1,15178,144
393,1117,1,15261,144
394,965,1,15342,144
395,777,0,15426,144
396,592,0,15513,144
397,411,0,15592,144
398,259,0,15677,144
399,224,0,15761,144
400,212,0,15850,144
401,196,0,15936,144
402,178,0,16024,144
403,161,0,16113,144
404,146,0,16200,144
405,130,0,16291,144
406,113,0,16382,144
407,96,0,16473,144
408,80,0,16564,144
409,65,0,16656,144
410,51,0,16747,144
411,37,0,16841,144
412,23,0,16935,144
413,12,0,17029,144
414,9,0,17124,144
415,6,0,17221,144
416,3,0,17322,144
417,1,0,17415,144
418,0,0,17511,144
419,1,0,17611,144
420,0,0,17713,144
421,0,0,17812,144
422,0,0,17910,144
423,0,0,18011,144
424,0,0,18114,144
425,0,0,18218,144
426,0,0,18322,144
427,0,0,18425,144
428,0,0,18531,144
429,0,0,18637,144
430,,,18745,144
431,,,18853,144
432,,,18963,144
433,,,19072,144
434,,,19184,144
435,,,19297,144
436,,,19411,145
437,,,19524,145
438,,,19640,145
439,,,19753,145
440,,,19869,145
441,,,19987,145
442,,,20105,145
443,,,20225,145
444,,,20344,145
445,,,20467,145
446,,,20594,145
447,,,20718,145
448,,,20841,145
449,,,20962,145
450,,,21085,145
451,,,21211,145
452,,,21333,145
453,,,21457,145
454,,,21581,145
455,,,21703,145
456,,,21827,145
457,,,21951,145
458,,,22076,145
459,,,22199,145
460,,,22323,145
461,,,22447,145
462,,,22571,145
463,,,22695,145
464,,,22817,145
465,,,22942,145
466,,,23066,145
467,,,23190,145
468,,,23317,146
469,,,23441,146
470,,,23565,146
471,,,23686,146
472,,,23813,146
473,,,23937,146
474,,,24064,146
475,,,24189,146
476,,,24313,146
477,,,24437,146
478,,,24561,146
479,,,24685,146
480,,,24807,146
481,,,24882,147
482,,,24937,147
483,,,24992,147
484,,,25047,147
485,,,25103,147
486,,,25159,147
487,,,25215,147
488,,,25270,147
489,,,25326,147
490,,,25385,147
491,,,25441,147
492,,,25498,148
493,,,25555,148
494,,,25613,148
495,,,25671,148
496,,,25729,148
497,,,25787,148
498,,,25846,148
499,,,25904,148
500,,,25963,148
501,,,26023,149
502,,,26084,149
503,,,26143,149
504,,,26204,149
505,,,26264,149
506,,,26325,149
507,,,26386,149
508,,,26447,149
509,,,26495,149
510,,,26501,150
511,,,26502,150
512,,,26502,150
