alt_km,density_kgm3,temperature_K,pressure_Pa
0,1.5124e-02,232.0,6.7073e+02
1,1.4054e-02,228.0,6.1254e+02
2,1.3125e-02,224.7,5.6371e+02
3,1.2251e-02,219.9,5.1478e+02
4,1.1423e-02,214.9,4.6916e+02
5,1.0651e-02,210.0,4.2758e+02
6,9.7431e-03,208.6,3.8854e+02
7,8.9058e-03,207.3,3.5301e+02
8,8.2117e-03,205.8,3.2300e+02
9,7.5737e-03,204.2,2.9561e+02
10,7.0121e-03,200.7,2.6905e+02
11,6.4949e-03,197.1,2.4473e+02
12,5.8894e-03,196.9,2.2174e+02
13,5.3727e-03,197.3,2.0270e+02
14,4.9140e-03,196.5,1.8457e+02
15,4.4944e-03,195.3,1.6779e+02
16,4.1153e-03,194.5,1.5306e+02
17,3.7697e-03,193.9,1.3977e+02
18,3.4481e-03,193.6,1.2760e+02
19,3.1528e-03,193.2,1.1648e+02
20,2.8539e-03,193.4,1.0554e+02
21,2.5793e-03,193.7,9.5514e+01
22,2.3361e-03,193.6,8.6450e+01
23,2.1116e-03,193.5,7.8116e+01
24,1.9045e-03,193.5,7.0453e+01
25,1.7215e-03,192.8,6.3446e+01
26,1.6111e-03,188.1,5.7928e+01
27,1.5052e-03,188.6,5.4220e+01
28,1.3888e-03,183.7,4.8740e+01
29,1.2719e-03,180.0,4.3749e+01
30,1.1481e-03,178.9,3.9232e+01
31,1.0454e-03,176.1,3.5166e+01
32,9.4082e-04,175.2,3.1481e+01
33,8.5361e-04,172.7,2.8170e+01
34,7.7225e-04,170.6,2.5171e+01
35,6.9743e-04,168.6,2.2468e+01
36,6.3055e-04,166.2,2.0027e+01
37,5.6882e-04,164.1,1.7828e+01
38,5.1443e-04,161.1,1.5838e+01
39,4.5926e-04,160.2,1.4054e+01
40,4.1363e-04,157.6,1.2457e+01
41,3.7180e-04,155.2,1.1020e+01
42,3.3414e-04,152.4,9.7309e+00
43,3.0032e-04,149.4,8.5722e+00
44,2.6683e-04,147.6,7.5222e+00
45,2.3666e-04,146.4,6.6179e+00
46,2.0697e-04,146.9,5.8083e+00
47,1.8027e-04,148.2,5.1044e+00
48,1.5808e-04,148.7,4.4895e+00
49,1.3860e-04,149.2,3.9506e+00
50,1.2090e-04,150.6,3.4792e+00
51,1.0692e-04,150.2,3.0678e+00
52,9.6409e-05,146.5,2.6985e+00
53,8.6769e-05,142.8,2.3671e+00
54,7.6997e-05,140.7,2.0698e+00
55,6.8279e-05,138.5,1.8069e+00
56,6.0181e-05,136.9,1.5743e+00
57,5.2357e-05,137.0,1.3707e+00
58,4.4377e-05,141.1,1.1962e+00
59,3.8165e-05,143.6,1.0470e+00
60,3.2254e-05,149.4,9.2037e-01
61,2.7911e-05,152.3,8.1205e-01
62,2.4644e-05,152.4,7.1671e-01
63,2.1811e-05,152.1,6.3361e-01
64,1.8979e-05,154.5,5.6032e-01
65,1.6538e-05,157.1,4.9642e-01
66,1.4589e-05,158.1,4.4066e-01
67,1.3077e-05,156.5,3.9091e-01
68,1.1827e-05,153.2,3.4625e-01
69,1.0714e-05,149.4,3.0575e-01
70,9.6440e-06,146.1,2.6925e-01
71,8.6670e-06,142.8,2.3642e-01
72,7.7717e-06,139.3,2.0684e-01
73,7.0386e-06,134.2,1.8043e-01
74,6.2275e-06,131.6,1.5661e-01
75,5.4221e-06,131.1,1.3578e-01
76,4.6743e-06,130.5,1.1652e-01
77,3.9803e-06,134.2,1.0207e-01
78,3.3975e-06,137.1,8.9378e-02
79,2.9525e-06,137.6,7.7638e-02
80,2.5631e-06,136.5,6.6847e-02
81,2.3252e-06,132.9,5.9013e-02
82,2.0230e-06,132.5,5.1223e-02
83,1.6875e-06,138.4,4.4620e-02
84,1.4212e-06,144.1,3.9119e-02
85,1.2233e-06,147.3,3.4419e-02
86,1.0654e-06,149.2,3.0360e-02
87,9.4770e-07,148.0,2.6790e-02
88,8.4240e-07,146.7,2.3608e-02
89,7.4823e-07,145.4,2.0790e-02
90,6.7362e-07,142.0,1.8272e-02
91,6.1077e-07,137.1,1.5994e-02
92,5.4555e-07,133.7,1.3939e-02
93,4.7567e-07,133.5,1.2131e-02
94,4.0818e-07,135.5,1.0564e-02
95,3.4500e-07,140.1,9.2346e-03
96,2.9168e-07,145.6,8.1112e-03
97,2.5096e-07,149.2,7.1538e-03
98,2.1585e-07,153.5,6.3309e-03
99,1.8783e-07,156.6,5.6202e-03
100,1.6872e-07,154.9,4.9928e-03
101,1.5152e-07,153.0,4.4292e-03
102,1.3601e-07,151.0,3.9227e-03
103,1.2146e-07,149.5,3.4682e-03
104,1.0750e-07,149.3,3.0660e-03
105,9.5200e-08,149.0,2.7091e-03
106,8.4805e-08,147.7,2.3933e-03
107,7.5374e-08,146.6,2.1117e-03
108,6.6569e-08,146.4,1.8618e-03
109,5.8574e-08,146.9,1.6434e-03
110,5.1394e-08,147.7,1.4503e-03
111,4.5361e-08,147.8,1.2808e-03
112,3.9902e-08,148.5,1.1322e-03
113,3.4603e-08,151.5,1.0014e-03
114,3.0530e-08,152.3,8.8806e-04
115,2.7011e-08,152.6,7.8763e-04
116,2.4409e-08,149.7,6.9794e-04
117,2.2172e-08,145.5,6.1642e-04
118,1.9863e-08,143.1,5.4319e-04
119,1.7762e-08,140.8,4.7785e-04
120,1.6079e-08,136.3,4.1866e-04
121,1.4010e-08,134.3,3.5956e-04
122,1.2119e-08,132.7,3.0738e-04
123,1.0484e-08,131.1,2.6278e-04
124,9.0690e-09,129.6,2.2465e-04
125,7.8451e-09,128.0,1.9206e-04
126,6.7863e-09,126.4,1.6419e-04
127,5.8704e-09,124.8,1.4036e-04
128,5.0782e-09,123.2,1.2000e-04
129,4.3928e-09,121.6,1.0259e-04
130,3.8000e-09,120.0,8.7700e-05
