time_h,battery_soc_pct,mmrtg_power_W,load_W
0.00,75.00,111.29,60.0
0.25,75.53,111.61,60.0
0.50,76.07,111.91,60.0
0.75,76.61,112.21,60.0
1.00,77.16,112.50,60.0
1.25,77.70,112.78,60.0
1.50,78.25,113.04,60.0
1.75,78.80,113.30,60.0
2.00,79.36,113.54,60.0
2.25,79.92,113.76,60.0
2.50,80.47,113.97,60.0
2.75,81.04,114.16,60.0
3.00,81.60,114.33,60.0
3.25,82.16,114.48,60.0
3.50,82.73,114.62,180.0
3.75,82.05,114.73,180.0
4.00,81.37,114.83,60.0
4.25,81.94,114.90,60.0
4.50,82.51,114.96,60.0
4.75,83.09,114.99,60.0
5.00,83.66,115.00,60.0
5.25,84.23,114.99,60.0
5.50,84.80,114.96,60.0
5.75,85.37,114.90,60.0
6.00,85.94,114.83,60.0
6.25,86.51,114.73,60.0
6.50,87.07,114.62,60.0
6.75,87.64,114.48,60.0
7.00,88.21,114.33,50.0
7.25,88.87,114.16,50.0
7.50,89.54,113.97,50.0
7.75,90.20,113.76,50.0
8.00,90.86,113.54,50.0
8.25,91.52,113.30,50.0
8.50,92.18,113.04,250.0
8.75,90.75,112.78,250.0
9.00,89.33,112.50,250.0
9.25,87.90,112.21,250.0
9.50,86.47,111.91,200.0
9.75,85.55,111.61,200.0
10.00,84.63,111.29,200.0
10.25,83.71,110.98,200.0
10.50,82.78,110.65,200.0
10.75,81.85,110.33,200.0
11.00,80.92,110.00,180.0
11.25,80.19,109.67,400.0
11.50,77.18,109.35,400.0
11.75,74.16,109.02,400.0
12.00,71.13,108.71,400.0
12.25,68.11,108.39,400.0
12.50,65.08,108.09,400.0
12.75,62.05,107.79,400.0
13.00,59.01,107.50,400.0
13.25,55.97,107.22,400.0
13.50,52.93,106.96,400.0
13.75,49.89,106.70,200.0
14.00,48.92,106.46,200.0
14.25,47.95,106.24,200.0
14.50,46.97,106.03,200.0
14.75,46.00,105.84,200.0
15.00,45.02,105.67,50.0
15.25,45.59,105.52,50.0
15.50,46.17,105.38,50.0
15.75,46.74,105.27,50.0
16.00,47.32,105.17,50.0
16.25,47.89,105.10,50.0
16.50,48.46,105.04,50.0
16.75,49.03,105.01,50.0
17.00,49.60,105.00,50.0
17.25,50.17,105.01,50.0
17.50,50.75,105.04,50.0
17.75,51.32,105.10,50.0
18.00,51.89,105.17,50.0
18.25,52.46,105.27,50.0
18.50,53.04,105.38,50.0
18.75,53.61,105.52,50.0
19.00,54.19,105.67,60.0
19.25,54.67,105.84,60.0
19.50,55.14,106.03,60.0
19.75,55.62,106.24,60.0
20.00,56.10,106.46,60.0
20.25,56.59,106.70,60.0
20.50,57.07,106.96,180.0
20.75,56.32,107.22,180.0
21.00,55.56,107.50,60.0
21.25,56.06,107.79,60.0
21.50,56.55,108.09,60.0
21.75,57.05,108.39,60.0
22.00,57.56,108.71,60.0
22.25,58.07,109.02,60.0
22.50,58.58,109.35,60.0
22.75,59.09,109.67,60.0
23.00,59.61,110.00,60.0
23.25,60.13,110.33,60.0
23.50,60.65,110.65,60.0
23.75,61.18,110.98,60.0
24.00,61.71,111.29,60.0
24.25,62.25,111.61,60.0
24.50,62.78,111.91,60.0
